{"assets/Slide1.png":["assets/Slide1.png"],"assets/Slide10.png":["assets/Slide10.png"],"assets/Slide11.png":["assets/Slide11.png"],"assets/Slide12.png":["assets/Slide12.png"],"assets/Slide13.png":["assets/Slide13.png"],"assets/Slide14.png":["assets/Slide14.png"],"assets/Slide15.png":["assets/Slide15.png"],"assets/Slide16.png":["assets/Slide16.png"],"assets/Slide17.png":["assets/Slide17.png"],"assets/Slide18.png":["assets/Slide18.png"],"assets/Slide19.png":["assets/Slide19.png"],"assets/Slide2.png":["assets/Slide2.png"],"assets/Slide20.png":["assets/Slide20.png"],"assets/Slide21.png":["assets/Slide21.png"],"assets/Slide22.png":["assets/Slide22.png"],"assets/Slide23.png":["assets/Slide23.png"],"assets/Slide24.png":["assets/Slide24.png"],"assets/Slide25.png":["assets/Slide25.png"],"assets/Slide26.png":["assets/Slide26.png"],"assets/Slide27.png":["assets/Slide27.png"],"assets/Slide28.png":["assets/Slide28.png"],"assets/Slide3.png":["assets/Slide3.png"],"assets/Slide4.png":["assets/Slide4.png"],"assets/Slide5.png":["assets/Slide5.png"],"assets/Slide6.png":["assets/Slide6.png"],"assets/Slide7.png":["assets/Slide7.png"],"assets/Slide8.png":["assets/Slide8.png"],"assets/Slide9.png":["assets/Slide9.png"],"assets/images/ic_launcher.png":["assets/images/ic_launcher.png"],"assets/images/icon-192-maskable.png":["assets/images/icon-192-maskable.png"]}